{
    "__comment": "JimStoneCraft - 2015",
    "variants": {
        "contents=empty": [
                   { "model": "flower_pot" },
                   { "model": "flower_pot1" },
                   { "model": "flower_pot2" },
                   { "model": "flower_pot3" }
              ],
        "contents=rose": [
                   { "model": "flower_pot_rose_pot" },
                   { "model": "flower_pot_rose_pot1" },
                   { "model": "flower_pot_rose_pot2" }
              ],
        "contents=blue_orchid": [
                   { "model": "flower_pot_orchid_pot" },
                   { "model": "flower_pot_orchid_pot1" },
                   { "model": "flower_pot_orchid_pot2" },
                   { "model": "flower_pot_orchid_pot3" }
              ],
        "contents=allium": [
                   { "model": "flower_pot_allium_pot" },
                   { "model": "flower_pot_allium_pot1" },
                   { "model": "flower_pot_allium_pot2" },
                   { "model": "flower_pot_allium_pot3" }
              ],
        "contents=houstonia": [
                   { "model": "flower_pot_houstonia_pot" },
                   { "model": "flower_pot_houstonia_pot1" },
                   { "model": "flower_pot_houstonia_pot2" },
                   { "model": "flower_pot_houstonia_pot3" }
              ],
        "contents=red_tulip": [
                   { "model": "flower_pot_tulip_red" },
                   { "model": "flower_pot_tulip_red1" },
                   { "model": "flower_pot_tulip_red2" },
                   { "model": "flower_pot_tulip_red_pot3" }
              ],
        "contents=orange_tulip": [
                   { "model": "flower_pot_tulip_orange" },
                   { "model": "flower_pot_tulip_orange1" },
                   { "model": "flower_pot_tulip_orange2" },
                   { "model": "flower_pot_tulip_orange_pot3" }
              ],
        "contents=white_tulip": [
                   { "model": "flower_pot_tulip_white_pot" },
                   { "model": "flower_pot_tulip_white1" },
                   { "model": "flower_pot_tulip_white2" },
                   { "model": "flower_pot_tulip_white3" }
              ],
        "contents=pink_tulip": [
                   { "model": "flower_pot_tulip_pink" },
                   { "model": "flower_pot_tulip_pink1" },
                   { "model": "flower_pot_tulip_pink2" },
                   { "model": "flower_pot_tulip_pink_pot3" }
              ],
        "contents=oxeye_daisy": [
                   { "model": "flower_pot_daisy_pot" },
                   { "model": "flower_pot_daisy_pot1" },
                   { "model": "flower_pot_daisy_pot2" },
                   { "model": "flower_pot_daisy_pot3" }
              ],
        "contents=dandelion": [
                   { "model": "flower_pot_dandelion_pot" },
                   { "model": "flower_pot_dandelion_pot1" },
                   { "model": "flower_pot_dandelion_pot2" },
                   { "model": "flower_pot_dandelion_pot3" },
                   { "model": "flower_pot_dandelion_pot4" }
              ],
        "contents=oak_sapling": [
                   { "model": "flower_pot_oak" },
                   { "model": "flower_pot_oak1" },
                   { "model": "flower_pot_oak2" },
                   { "model": "flower_pot_oak3" }
              ],
        "contents=spruce_sapling": [
                   { "model": "flower_pot_spruce_pot" },
                   { "model": "flower_pot_spruce_pot1" },
                   { "model": "flower_pot_spruce_pot2" },
                   { "model": "flower_pot_spruce_pot3" }
              ],
        "contents=birch_sapling": [
                   { "model": "flower_pot_birch" },
                   { "model": "flower_pot_birch1" },
                   { "model": "flower_pot_birch2" },
                   { "model": "flower_pot_birch3" }
              ],
        "contents=jungle_sapling": [
                   { "model": "flower_pot_jungle" },
                   { "model": "flower_pot_jungle1" },
                   { "model": "flower_pot_jungle2" },
                   { "model": "flower_pot_jungle3" }
              ],
        "contents=acacia_sapling": [
                   { "model": "flower_pot_acacia" },
                   { "model": "flower_pot_acacia1" },
                   { "model": "flower_pot_acacia2" },
                   { "model": "flower_pot_acacia3" }
              ],
        "contents=dark_oak_sapling": [
                   { "model": "flower_pot_dark_oak" },
                   { "model": "flower_pot_dark_oak1" },
                   { "model": "flower_pot_dark_oak2" },
                   { "model": "flower_pot_dark_oak3" }
              ],
        "contents=mushroom_red": [
                   { "model": "flower_pot_mushroom_red" },
                   { "model": "flower_pot_mushroom_red1" }
              ],
        "contents=mushroom_brown": [
                   { "model": "flower_pot_mushroom_brown" }
              ],
        "contents=dead_bush": [
                   { "model": "flower_pot_dead_bush" },
                   { "model": "flower_pot_dead_bush1" }
              ],
        "contents=fern": [
                   { "model": "flower_pot_fern" },
                   { "model": "flower_pot_fern1" }
              ],
        "contents=cactus": [
                   { "model": "flower_pot_cactus" },
                   { "model": "flower_pot_cactus1" },
                   { "model": "flower_pot_cactus2" },
                   { "model": "flower_pot_cactus3" }
              ]
    }
}
