{
    "__comment": "JimStoneCraft - 2016",
    "textures": {
        "particle": "blocks/cake_side",
        "bottom": "blocks/cake_bottom",
        "top": "blocks/cake_top",
        "cherry": "blocks/cake_top_cherries",
        "side": "blocks/cake_side",
        "inside": "blocks/cake_inner"
    },
    "elements": [
        {   "from": [ 9, 0, 1 ],
            "to": [ 15, 8, 15 ],
            "faces": {
                "down":  { "texture": "#bottom", "cullface": "down" },
                "up":    { "texture": "#top" },
                "north": { "texture": "#side" },
                "south": { "texture": "#side" },
                "west":  { "texture": "#inside" },
                "east":  { "texture": "#side" }
            },
            "__comment": "Cake"
        },
        {   "from": [ 10.5, 8, 3 ],
            "to": [ 13, 8.5, 4.5 ],
            "faces": {
                "up":    { "uv": [ 2.5, 3, 5, 4.5 ], "texture": "#cherry" },
                "north": { "uv": [ 2.5, 3, 5, 3.5 ], "texture": "#cherry", "rotation": 180 },
                "south": { "uv": [ 2.5, 4, 5, 4.5 ], "texture": "#cherry" },
                "west":  { "uv": [ 2.5, 3, 3, 4.5 ], "texture": "#cherry", "rotation": 270 },
                "east":  { "uv": [ 4.5, 3, 5, 4.5 ], "texture": "#cherry", "rotation": 90 }
            },
            "__comment": "Cherry 2-1"
        },
        {   "from": [ 11, 8, 2.5 ],
            "to": [ 12.5, 8.5, 5 ],
            "faces": {
                "up":    { "uv": [ 3, 2.5, 4.5, 5 ], "texture": "#cherry" },
                "north": { "uv": [ 3, 2.5, 4.5, 3 ], "texture": "#cherry", "rotation": 180 },
                "south": { "uv": [ 3, 4.5, 4.5, 5 ], "texture": "#cherry" },
                "west":  { "uv": [ 3, 2.5, 3.5, 5 ], "texture": "#cherry", "rotation": 270 },
                "east":  { "uv": [ 4, 2.5, 4.5, 5 ], "texture": "#cherry", "rotation": 90 }
            },
            "__comment": "Cherry 2-2"
        },
        {   "from": [ 9, 8, 7.5 ],
            "to": [ 9.5, 8.5, 9 ],
            "faces": {
                "up":    { "uv": [ 4.5, 3, 5, 4.5 ], "texture": "#cherry" },
                "north": { "uv": [ 4.5, 3, 5, 3.5 ], "texture": "#cherry", "rotation": 180 },
                "south": { "uv": [ 4.5, 4, 5, 4.5 ], "texture": "#cherry" },
                "west":  { "uv": [ 4.5, 3, 5, 4.5 ], "texture": "#cherry", "rotation": 270 },
                "east":  { "uv": [ 4.5, 3, 5, 4.5 ], "texture": "#cherry", "rotation": 90 }
            },
            "__comment": "Cherry 3-1"
        },
        {   "from": [ 11, 8, 11.5 ],
            "to": [ 13.5, 8.5, 13 ],
            "faces": {
                "up":    { "uv": [ 2.5, 3, 5, 4.5 ], "texture": "#cherry" },
                "north": { "uv": [ 2.5, 3, 5, 3.5 ], "texture": "#cherry", "rotation": 180 },
                "south": { "uv": [ 2.5, 4, 5, 4.5 ], "texture": "#cherry" },
                "west":  { "uv": [ 2.5, 3, 3, 4.5 ], "texture": "#cherry", "rotation": 270 },
                "east":  { "uv": [ 4.5, 3, 5, 4.5 ], "texture": "#cherry", "rotation": 90 }
            },
            "__comment": "Cherry 5-1"
        },
        {   "from": [ 11.5, 8, 11 ],
            "to": [ 13, 8.5, 13.5 ],
            "faces": {
                "up":    { "uv": [ 3, 2.5, 4.5, 5 ], "texture": "#cherry" },
                "north": { "uv": [ 3, 2.5, 4.5, 3 ], "texture": "#cherry", "rotation": 180 },
                "south": { "uv": [ 3, 4.5, 4.5, 5 ], "texture": "#cherry" },
                "west":  { "uv": [ 3, 2.5, 3.5, 5 ], "texture": "#cherry", "rotation": 270 },
                "east":  { "uv": [ 4, 2.5, 4.5, 5 ], "texture": "#cherry", "rotation": 90 }
            },
            "__comment": "Cherry 5-2"
        }
    ]
}
