{
    "__comment": "JimStoneCraft - 2016",
    "parent": "block/small_block",
    "ambientocclusion": false,
    "textures": {
        "particle": "blocks/comparator_on",
        "slab": "blocks/stone_slab_top",
        "top": "blocks/comparator_on",
        "unlit": "blocks/redstone_torch_off",
        "lit": "blocks/redstone_torch_on"
    },
    "elements": [
        {   "from": [ 0, 0, 0 ],
            "to": [ 16, 2, 16 ],
            "faces": {
                "down":  { "uv": [ 0,  0, 16, 16 ], "texture": "#slab", "cullface": "down" },
                "up":    { "uv": [ 0,  0, 16, 16 ], "texture": "#top" },
                "north": { "uv": [ 0, 14, 16, 16 ], "texture": "#slab", "cullface": "north" },
                "south": { "uv": [ 0, 14, 16, 16 ], "texture": "#slab", "cullface": "south" },
                "west":  { "uv": [ 0, 14, 16, 16 ], "texture": "#slab", "cullface": "west" },
                "east":  { "uv": [ 0, 14, 16, 16 ], "texture": "#slab", "cullface": "east" }
            },
            "__comment": "Base"
        },
        {   "from": [ 4, 2, 11 ],
            "to": [ 6, 7, 13 ],
            "faces": {
                "up":    { "uv": [ 7, 4, 9,  6 ], "texture": "#lit" },
                "north": { "uv": [ 7, 6, 9, 11 ], "texture": "#lit" },
                "south": { "uv": [ 7, 6, 9, 11 ], "texture": "#lit" },
                "west":  { "uv": [ 7, 6, 9, 11 ], "texture": "#lit" },
                "east":  { "uv": [ 7, 6, 9, 11 ], "texture": "#lit" }
            },
            "__comment": "Right Big"
        },
        {   "from": [ 10, 2, 11 ],
            "to": [ 12, 7, 13 ],
            "faces": {
                "up":    { "uv": [ 7, 4, 9,  6 ], "texture": "#lit" },
                "north": { "uv": [ 7, 6, 9, 11 ], "texture": "#lit" },
                "south": { "uv": [ 7, 6, 9, 11 ], "texture": "#lit" },
                "west":  { "uv": [ 7, 6, 9, 11 ], "texture": "#lit" },
                "east":  { "uv": [ 7, 6, 9, 11 ], "texture": "#lit" }
            },
            "__comment": "Left Big"
        },
        {   "from": [ 7, 2, 2 ],
            "to": [ 9, 4, 4 ],
            "faces": {
                "up":    { "uv": [ 7, 4, 9, 6 ], "texture": "#unlit" },
                "north": { "uv": [ 7, 6, 9, 8 ], "texture": "#unlit" },
                "south": { "uv": [ 7, 6, 9, 8 ], "texture": "#unlit" },
                "west":  { "uv": [ 7, 6, 9, 8 ], "texture": "#unlit" },
                "east":  { "uv": [ 7, 6, 9, 8 ], "texture": "#unlit" }
            },
            "__comment": "Little"
        }
    ]
}
