{
    "__comment": "JimStoneCraft - 2016",
    "ambientocclusion": false,
    "textures": {
        "particle": "#bottom",
        "edge": "#edge"
    },
    "elements": [
        {   "from": [ 0, 0, 0 ],
            "to": [ 3, 16, 16 ],
            "faces": {
                "down":  { "uv": [  9, 16,  6,  0 ], "texture": "#edge", "cullface": "down" },
                "north": { "uv": [ 13,  0, 16, 16 ], "texture": "#edge", "cullface": "north" },
                "south": { "uv": [  0,  0,  3, 16 ], "texture": "#edge", "cullface": "south" },
                "west":  { "uv": [ 16,  0,  0, 16 ], "texture": "#bottom", "cullface": "west" },
                "east":  { "uv": [  0,  0, 16, 16 ], "texture": "#bottom" }
            }
        }
    ]
}
