{
    "__comment": "JimStoneCraft - 2016",
    "parent": "block/block",
    "display": {
        "gui": {
            "rotation": [ 30, 135, 0 ],
            "translation": [ 0, 0, 0],
            "scale":[ 0.625, 0.625, 0.625 ]
        },
        "fixed": {
            "rotation": [ 0, 90, 0 ],
            "translation": [ 0, 0, 0],
            "scale":[ 0.5, 0.5, 0.5 ]
        }
    },
    "ambientocclusion": false,
    "textures": {
        "particle": "#texture",
        "top": "#top",
        "bottom": "#bottom"
    },
    "elements": [
        {   "from": [ 6, 0, 0 ],
            "to": [ 10, 16, 4 ],
            "faces": {
                "down":  { "uv": [ 6, 0, 10,  4 ], "texture": "#bottom", "cullface": "down" },
                "up":    { "uv": [ 6, 0, 10,  4 ], "texture": "#top" },
                "north": { "uv": [ 0, 0,  4, 16 ], "texture": "#texture" },
                "south": { "uv": [ 0, 0,  4, 16 ], "texture": "#texture" },
                "west":  { "uv": [ 0, 0,  4, 16 ], "texture": "#texture" },
                "east":  { "uv": [ 0, 0,  4, 16 ], "texture": "#texture" }
            },
            "__comment": "Left post"
        },
        {   "from": [ 6, 0, 12 ],
            "to": [ 10, 16, 16 ],
            "faces": {
                "down":  { "uv": [  6, 12, 10, 16 ], "texture": "#bottom", "cullface": "down" },
                "up":    { "uv": [  6, 12, 10, 16 ], "texture": "#top" },
                "north": { "uv": [ 12,  0, 16, 16 ], "texture": "#texture" },
                "south": { "uv": [ 12,  0, 16, 16 ], "texture": "#texture" },
                "west":  { "uv": [ 12,  0, 16, 16 ], "texture": "#texture" },
                "east":  { "uv": [ 12,  0, 16, 16 ], "texture": "#texture" }
            },
            "__comment": "Right post"
        },
        {   "from": [ 7, 11, 4 ],
            "to": [ 9, 15, 12 ],
            "faces": {
                "down":  { "uv": [ 7, 4,  9, 12 ], "texture": "#bottom" },
                "up":    { "uv": [ 7, 4,  9, 12 ], "texture": "#top" },
                "west":  { "uv": [ 4, 1, 12,  4 ], "texture": "#texture" },
                "east":  { "uv": [ 4, 1, 12,  4 ], "texture": "#texture" }
            },
            "__comment": "Top bar"
        },
        {   "from": [ 7, 5, 4 ],
            "to": [ 9, 9, 12 ],
            "faces": {
                "down":  { "uv": [ 7, 4,  9, 12 ], "texture": "#bottom" },
                "up":    { "uv": [ 7, 4,  9, 12 ], "texture": "#top" },
                "west":  { "uv": [ 4, 7, 12, 10 ], "texture": "#texture" },
                "east":  { "uv": [ 4, 7, 12, 10 ], "texture": "#texture" }
            },
            "__comment": "Lower bar"
        },
        {   "from": [ 7, 11, 16 ],
            "to": [ 9, 15, 17 ],
            "faces": {
                "down":  { "uv": [ 7, 4, 9, 5 ], "texture": "#bottom" },
                "up":    { "uv": [ 7, 4, 9, 5 ], "texture": "#top" },
                "south": { "uv": [ 7, 1, 9, 4 ], "texture": "#texture" },
                "west":  { "uv": [ 4, 1, 5, 4 ], "texture": "#texture" },
                "east":  { "uv": [ 4, 1, 5, 4 ], "texture": "#texture" }
            },
            "__comment": "Top bar end"
        },
        {   "from": [ 7, 5, 16 ],
            "to": [ 9, 9, 17 ],
            "faces": {
                "down":  { "uv": [ 7, 4, 9,  5 ], "texture": "#bottom" },
                "up":    { "uv": [ 7, 4, 9,  5 ], "texture": "#top" },
                "south": { "uv": [ 7, 7, 9, 10 ], "texture": "#texture" },
                "west":  { "uv": [ 4, 7, 5, 10 ], "texture": "#texture" },
                "east":  { "uv": [ 4, 7, 5, 10 ], "texture": "#texture" }
            },
            "__comment": "Lower bar end"
        },
        {   "from": [ 7, 11, -1 ],
            "to": [ 9, 15, 0 ],
            "faces": {
                "down":  { "uv": [ 7, 4, 9, 5 ], "texture": "#bottom" },
                "up":    { "uv": [ 7, 4, 9, 5 ], "texture": "#top" },
                "north": { "uv": [ 7, 1, 9, 4 ], "texture": "#texture" },
                "west":  { "uv": [ 4, 1, 5, 4 ], "texture": "#texture" },
                "east":  { "uv": [ 4, 1, 5, 4 ], "texture": "#texture" }
            },
            "__comment": "Top bar end"
        },
        {   "from": [ 7, 5, -1 ],
            "to": [ 9, 9, 0 ],
            "faces": {
                "down":  { "uv": [ 7, 4, 9,  5 ], "texture": "#bottom" },
                "up":    { "uv": [ 7, 4, 9,  5 ], "texture": "#top" },
                "north": { "uv": [ 7, 7, 9, 10 ], "texture": "#texture" },
                "west":  { "uv": [ 4, 7, 5, 10 ], "texture": "#texture" },
                "east":  { "uv": [ 4, 7, 5, 10 ], "texture": "#texture" }
            },
            "__comment": "Lower bar end"
        }
    ]
}
